job,gene,construct,allele,model,ptm,ranking_score,fraction_disordered,has_clash,n_res,mean_plddt,mut_pos_uniprot,plddt_at_mut,mean_plddt_domain
cd33_full_r69g,CD33,full,R69G,0,0.6,0.8,0.41,0.0,364,71.48,69,95.83,97.29
cd33_full_r69g,CD33,full,R69G,1,0.6,0.8,0.41,0.0,364,71.63,69,95.93,97.34
cd33_full_r69g,CD33,full,R69G,2,0.59,0.8,0.42,0.0,364,70.76,69,95.91,97.34
cd33_full_r69g,CD33,full,R69G,3,0.59,0.8,0.41,0.0,364,71.84,69,95.51,97.28
cd33_full_r69g,CD33,full,R69G,4,0.59,0.8,0.41,0.0,364,71.23,69,95.83,97.27
cd33_full_wt,CD33,full,WT,0,0.6,0.8,0.41,0.0,364,71.38,69,97.1,97.39
cd33_full_wt,CD33,full,WT,1,0.59,0.8,0.42,0.0,364,70.44,69,97.1,97.42
cd33_full_wt,CD33,full,WT,2,0.59,0.8,0.41,0.0,364,71.03,69,97.0,97.37
cd33_full_wt,CD33,full,WT,3,0.59,0.8,0.41,0.0,364,71.64,69,96.7,97.34
cd33_full_wt,CD33,full,WT,4,0.59,0.8,0.42,0.0,364,71.05,69,97.0,97.3
pilra_full_r78g,PILRA,full,R78G,0,0.46,0.76,0.6,0.0,303,64.66,78,97.6,98.11
pilra_full_r78g,PILRA,full,R78G,1,0.46,0.76,0.6,0.0,303,63.95,78,97.83,98.15
pilra_full_r78g,PILRA,full,R78G,2,0.45,0.75,0.6,0.0,303,63.94,78,97.83,98.17
pilra_full_r78g,PILRA,full,R78G,3,0.44,0.75,0.6,0.0,303,62.52,78,97.91,97.91
pilra_full_r78g,PILRA,full,R78G,4,0.45,0.75,0.6,0.0,303,63.4,78,97.7,98.14
pilra_full_wt,PILRA,full,WT,0,0.45,0.76,0.61,0.0,303,64.54,78,83.52,97.03
pilra_full_wt,PILRA,full,WT,1,0.45,0.75,0.6,0.0,303,63.75,78,83.52,97.08
pilra_full_wt,PILRA,full,WT,2,0.44,0.75,0.61,0.0,303,63.01,78,83.2,96.98
pilra_full_wt,PILRA,full,WT,3,0.44,0.74,0.6,0.0,303,63.43,78,80.42,96.92
pilra_full_wt,PILRA,full,WT,4,0.44,0.74,0.6,0.0,303,62.77,78,81.22,96.87
trem2_full_r62h,TREM2,full,R62H,0,0.53,0.78,0.49,0.0,230,66.88,62,96.24,93.59
trem2_full_r62h,TREM2,full,R62H,1,0.54,0.78,0.48,0.0,230,67.36,62,96.54,94.57
trem2_full_r62h,TREM2,full,R62H,2,0.52,0.78,0.51,0.0,230,64.89,62,96.54,93.48
trem2_full_r62h,TREM2,full,R62H,3,0.53,0.78,0.5,0.0,230,65.71,62,96.34,93.75
trem2_full_r62h,TREM2,full,R62H,4,0.52,0.76,0.49,0.0,230,63.25,62,91.24,83.06
trem2_full_wt,TREM2,full,WT,0,0.54,0.79,0.49,0.0,230,68.16,62,97.29,94.62
trem2_full_wt,TREM2,full,WT,1,0.53,0.78,0.5,0.0,230,67.01,62,97.29,94.23
trem2_full_wt,TREM2,full,WT,2,0.52,0.78,0.52,0.0,230,66.1,62,97.29,93.96
trem2_full_wt,TREM2,full,WT,3,0.53,0.78,0.5,0.0,230,66.45,62,96.99,94.28
trem2_full_wt,TREM2,full,WT,4,0.53,0.78,0.5,0.0,230,66.82,62,97.29,94.48
