gene,mutation,comparison,model_a,model_b,rmsd_domain,rmsd_local8A
CD33,R69G,noise_WT,0,1,0.1778,0.1622
CD33,R69G,noise_MUT,0,1,0.0974,0.1156
CD33,R69G,noise_WT,0,2,0.1044,0.1355
CD33,R69G,noise_MUT,0,2,0.1559,0.1244
CD33,R69G,noise_WT,0,3,0.1017,0.1121
CD33,R69G,noise_MUT,0,3,0.1466,0.13
CD33,R69G,noise_WT,0,4,0.0691,0.0941
CD33,R69G,noise_MUT,0,4,0.1252,0.1609
CD33,R69G,noise_WT,1,2,0.2063,0.167
CD33,R69G,noise_MUT,1,2,0.1218,0.1239
CD33,R69G,noise_WT,1,3,0.1531,0.0655
CD33,R69G,noise_MUT,1,3,0.099,0.1021
CD33,R69G,noise_WT,1,4,0.1588,0.165
CD33,R69G,noise_MUT,1,4,0.069,0.0792
CD33,R69G,noise_WT,2,3,0.1531,0.1283
CD33,R69G,noise_MUT,2,3,0.0841,0.0453
CD33,R69G,noise_WT,2,4,0.1236,0.1858
CD33,R69G,noise_MUT,2,4,0.1117,0.1214
CD33,R69G,noise_WT,3,4,0.0902,0.1269
CD33,R69G,noise_MUT,3,4,0.0883,0.0938
CD33,R69G,signal_WT_vs_MUT,0,0,0.1072,0.1423
CD33,R69G,signal_WT_vs_MUT,0,1,0.0308,0.0504
CD33,R69G,signal_WT_vs_MUT,0,2,0.1284,0.1288
CD33,R69G,signal_WT_vs_MUT,0,3,0.1001,0.1093
CD33,R69G,signal_WT_vs_MUT,0,4,0.074,0.0948
CD33,R69G,signal_WT_vs_MUT,1,0,0.2036,0.21
CD33,R69G,signal_WT_vs_MUT,1,1,0.1772,0.18
CD33,R69G,signal_WT_vs_MUT,1,2,0.1245,0.097
CD33,R69G,signal_WT_vs_MUT,1,3,0.1523,0.1046
CD33,R69G,signal_WT_vs_MUT,1,4,0.1648,0.1642
CD33,R69G,signal_WT_vs_MUT,2,0,0.0421,0.08
CD33,R69G,signal_WT_vs_MUT,2,1,0.0993,0.1284
CD33,R69G,signal_WT_vs_MUT,2,2,0.1629,0.1101
CD33,R69G,signal_WT_vs_MUT,2,3,0.1499,0.1201
CD33,R69G,signal_WT_vs_MUT,2,4,0.1276,0.1704
CD33,R69G,signal_WT_vs_MUT,3,0,0.1523,0.1655
CD33,R69G,signal_WT_vs_MUT,3,1,0.1043,0.1272
CD33,R69G,signal_WT_vs_MUT,3,2,0.0913,0.0727
CD33,R69G,signal_WT_vs_MUT,3,3,0.0217,0.06
CD33,R69G,signal_WT_vs_MUT,3,4,0.0915,0.124
CD33,R69G,signal_WT_vs_MUT,4,0,0.1233,0.1795
CD33,R69G,signal_WT_vs_MUT,4,1,0.0742,0.1001
CD33,R69G,signal_WT_vs_MUT,4,2,0.1225,0.1358
CD33,R69G,signal_WT_vs_MUT,4,3,0.0902,0.1123
CD33,R69G,signal_WT_vs_MUT,4,4,0.0453,0.058
PILRA,R78G,noise_WT,0,1,0.1168,0.1141
PILRA,R78G,noise_MUT,0,1,0.107,0.1036
PILRA,R78G,noise_WT,0,2,0.1312,0.1873
PILRA,R78G,noise_MUT,0,2,0.0902,0.0382
PILRA,R78G,noise_WT,0,3,0.1532,0.3171
PILRA,R78G,noise_MUT,0,3,0.119,0.0928
PILRA,R78G,noise_WT,0,4,0.1404,0.2083
PILRA,R78G,noise_MUT,0,4,0.1115,0.0816
PILRA,R78G,noise_WT,1,2,0.1371,0.2084
PILRA,R78G,noise_MUT,1,2,0.1035,0.0915
PILRA,R78G,noise_WT,1,3,0.1661,0.3183
PILRA,R78G,noise_MUT,1,3,0.1208,0.053
PILRA,R78G,noise_WT,1,4,0.1623,0.2162
PILRA,R78G,noise_MUT,1,4,0.1156,0.0868
PILRA,R78G,noise_WT,2,3,0.0823,0.1675
PILRA,R78G,noise_MUT,2,3,0.0858,0.0903
PILRA,R78G,noise_WT,2,4,0.0805,0.0959
PILRA,R78G,noise_MUT,2,4,0.0729,0.0827
PILRA,R78G,noise_WT,3,4,0.0838,0.1421
PILRA,R78G,noise_MUT,3,4,0.0651,0.0714
PILRA,R78G,signal_WT_vs_MUT,0,0,0.2763,0.8378
PILRA,R78G,signal_WT_vs_MUT,0,1,0.3056,0.9088
PILRA,R78G,signal_WT_vs_MUT,0,2,0.2826,0.8588
PILRA,R78G,signal_WT_vs_MUT,0,3,0.2925,0.8712
PILRA,R78G,signal_WT_vs_MUT,0,4,0.2849,0.8493
PILRA,R78G,signal_WT_vs_MUT,1,0,0.2875,0.8318
PILRA,R78G,signal_WT_vs_MUT,1,1,0.2844,0.8987
PILRA,R78G,signal_WT_vs_MUT,1,2,0.2885,0.8525
PILRA,R78G,signal_WT_vs_MUT,1,3,0.296,0.8614
PILRA,R78G,signal_WT_vs_MUT,1,4,0.2885,0.8414
PILRA,R78G,signal_WT_vs_MUT,2,0,0.343,0.9946
PILRA,R78G,signal_WT_vs_MUT,2,1,0.3581,1.0614
PILRA,R78G,signal_WT_vs_MUT,2,2,0.3352,1.0157
PILRA,R78G,signal_WT_vs_MUT,2,3,0.3254,1.0216
PILRA,R78G,signal_WT_vs_MUT,2,4,0.3239,1.0026
PILRA,R78G,signal_WT_vs_MUT,3,0,0.3788,1.1038
PILRA,R78G,signal_WT_vs_MUT,3,1,0.3944,1.168
PILRA,R78G,signal_WT_vs_MUT,3,2,0.3704,1.1245
PILRA,R78G,signal_WT_vs_MUT,3,3,0.3657,1.1291
PILRA,R78G,signal_WT_vs_MUT,3,4,0.354,1.105
PILRA,R78G,signal_WT_vs_MUT,4,0,0.3541,0.9904
PILRA,R78G,signal_WT_vs_MUT,4,1,0.3674,1.0528
PILRA,R78G,signal_WT_vs_MUT,4,2,0.3418,1.0115
PILRA,R78G,signal_WT_vs_MUT,4,3,0.3324,1.0133
PILRA,R78G,signal_WT_vs_MUT,4,4,0.3269,0.9924
TREM2,R62H,noise_WT,0,1,0.1512,0.0882
TREM2,R62H,noise_MUT,0,1,0.1463,0.0689
TREM2,R62H,noise_WT,0,2,0.3236,0.183
TREM2,R62H,noise_MUT,0,2,0.2707,0.0938
TREM2,R62H,noise_WT,0,3,0.2026,0.1186
TREM2,R62H,noise_MUT,0,3,0.1321,0.087
TREM2,R62H,noise_WT,0,4,0.1357,0.1945
TREM2,R62H,noise_MUT,0,4,3.4499,1.2504
TREM2,R62H,noise_WT,1,2,0.3094,0.1792
TREM2,R62H,noise_MUT,1,2,0.3434,0.117
TREM2,R62H,noise_WT,1,3,0.1664,0.0952
TREM2,R62H,noise_MUT,1,3,0.1571,0.1022
TREM2,R62H,noise_WT,1,4,0.1351,0.1707
TREM2,R62H,noise_MUT,1,4,3.4336,1.2196
TREM2,R62H,noise_WT,2,3,0.3944,0.1395
TREM2,R62H,noise_MUT,2,3,0.351,0.1646
TREM2,R62H,noise_WT,2,4,0.385,0.2531
TREM2,R62H,noise_MUT,2,4,3.469,1.2421
TREM2,R62H,noise_WT,3,4,0.1548,0.2162
TREM2,R62H,noise_MUT,3,4,3.4594,1.25
TREM2,R62H,signal_WT_vs_MUT,0,0,0.1987,0.2059
TREM2,R62H,signal_WT_vs_MUT,0,1,0.2621,0.2143
TREM2,R62H,signal_WT_vs_MUT,0,2,0.303,0.2241
TREM2,R62H,signal_WT_vs_MUT,0,3,0.1932,0.2987
TREM2,R62H,signal_WT_vs_MUT,0,4,3.4562,1.1271
TREM2,R62H,signal_WT_vs_MUT,1,0,0.1264,0.1693
TREM2,R62H,signal_WT_vs_MUT,1,1,0.23,0.1813
TREM2,R62H,signal_WT_vs_MUT,1,2,0.2685,0.2009
TREM2,R62H,signal_WT_vs_MUT,1,3,0.1783,0.2702
TREM2,R62H,signal_WT_vs_MUT,1,4,3.4579,1.1241
TREM2,R62H,signal_WT_vs_MUT,2,0,0.362,0.2755
TREM2,R62H,signal_WT_vs_MUT,2,1,0.4395,0.2648
TREM2,R62H,signal_WT_vs_MUT,2,2,0.1493,0.2141
TREM2,R62H,signal_WT_vs_MUT,2,3,0.4253,0.3637
TREM2,R62H,signal_WT_vs_MUT,2,4,3.4709,1.1868
TREM2,R62H,signal_WT_vs_MUT,3,0,0.1506,0.1998
TREM2,R62H,signal_WT_vs_MUT,3,1,0.1091,0.1628
TREM2,R62H,signal_WT_vs_MUT,3,2,0.3309,0.1799
TREM2,R62H,signal_WT_vs_MUT,3,3,0.1506,0.3132
TREM2,R62H,signal_WT_vs_MUT,3,4,3.4394,1.1086
TREM2,R62H,signal_WT_vs_MUT,4,0,0.175,0.2263
TREM2,R62H,signal_WT_vs_MUT,4,1,0.2211,0.2565
TREM2,R62H,signal_WT_vs_MUT,4,2,0.3481,0.2863
TREM2,R62H,signal_WT_vs_MUT,4,3,0.1094,0.1738
TREM2,R62H,signal_WT_vs_MUT,4,4,3.4619,1.1769
